Workbook

Sheet Gantt 18 semanas
A1: LEGADOSEGURO - DIAGRAMA DE GANTT DEL PROYECTO
A2: Curso Integrador I | Ciclo 2026-02 | Cronograma académico de 18 semanas
K3: ='Criterios y alcance'!$B$23+0*7 -> 46260 | L3: ='Criterios y alcance'!$B$23+1*7 -> 46267 | M3: ='Criterios y alcance'!$B$23+2*7 -> 46274 | N3: ='Criterios y alcance'!$B$23+3*7 -> 46281 | O3: ='Criterios y alcance'!$B$23+4*7 -> 46288 | P3: ='Criterios y alcance'!$B$23+5*7 -> 46295 | Q3: ='Criterios y alcance'!$B$23+6*7 -> 46302 | R3: ='Criterios y alcance'!$B$23+7*7 -> 46309 | S3: ='Criterios y alcance'!$B$23+8*7 -> 46316 | T3: ='Criterios y alcance'!$B$23+9*7 -> 46323 | U3: ='Criterios y alcance'!$B$23+10*7 -> 46330 | V3: ='Criterios y alcance'!$B$23+11*7 -> 46337 | W3: ='Criterios y alcance'!$B$23+12*7 -> 46344 | X3: ='Criterios y alcance'!$B$23+13*7 -> 46351 | Y3: ='Criterios y alcance'!$B$23+14*7 -> 46358 | Z3: ='Criterios y alcance'!$B$23+15*7 -> 46365 | AA3: ='Criterios y alcance'!$B$23+16*7 -> 46372 | AB3: ='Criterios y alcance'!$B$23+17*7 -> 46379
A4: PLAN DE TRABAJO | K4: SEMANAS ACADÉMICAS (fecha de inicio en la fila superior)
A5: ID | B5: Fase | C5: Actividad | D5: Tipo | E5: Inicio | F5: Fin | G5: Duración | H5: Fecha inicio | I5: Fecha fin | J5: Responsable | K5: 1 | L5: 2 | M5: 3 | N5: 4 | O5: 5 | P5: 6 | Q5: 7 | R5: 8 | S5: 9 | T5: 10 | U5: 11 | V5: 12 | W5: 13 | X5: 14 | Y5: 15 | Z5: 16 | AA5: 17 | AB5: 18
A6: 1 | B6: Gestión del proyecto | C6: Gestión, seguimiento y actualización documental | D6: Actividad | E6: ='Detalle editable'!E4 -> 1 | F6: ='Detalle editable'!F4 -> 18 | G6: =F6-E6+1 -> 18 | H6: 46260 | I6: 46379 | J6: Grupo 5 | K6: =IF(AND(K$5>=$E6,K$5<=$F6),IF($D6="Hito",2,1),"") -> 1 | L6: =IF(AND(L$5>=$E6,L$5<=$F6),IF($D6="Hito",2,1),"") -> 1 | M6: =IF(AND(M$5>=$E6,M$5<=$F6),IF($D6="Hito",2,1),"") -> 1 | N6: =IF(AND(N$5>=$E6,N$5<=$F6),IF($D6="Hito",2,1),"") -> 1 | O6: =IF(AND(O$5>=$E6,O$5<=$F6),IF($D6="Hito",2,1),"") -> 1 | P6: =IF(AND(P$5>=$E6,P$5<=$F6),IF($D6="Hito",2,1),"") -> 1 | Q6: =IF(AND(Q$5>=$E6,Q$5<=$F6),IF($D6="Hito",2,1),"") -> 1 | R6: =IF(AND(R$5>=$E6,R$5<=$F6),IF($D6="Hito",2,1),"") -> 1 | ... AB6: =IF(AND(AB$5>=$E6,AB$5<=$F6),IF($D6="Hito",2,1),"") -> 1
A7: 2 | B7: Planificación y análisis | C7: Análisis del problema y Lean Canvas | D7: Actividad | E7: ='Detalle editable'!E5 -> 1 | F7: ='Detalle editable'!F5 -> 1 | G7: =F7-E7+1 -> 1 | H7: 46260 | I7: 46262 | J7: Kiara | K7: =IF(AND(K$5>=$E7,K$5<=$F7),IF($D7="Hito",2,1),"") -> 1 | L7: =IF(AND(L$5>=$E7,L$5<=$F7),IF($D7="Hito",2,1),"") | M7: =IF(AND(M$5>=$E7,M$5<=$F7),IF($D7="Hito",2,1),"") | N7: =IF(AND(N$5>=$E7,N$5<=$F7),IF($D7="Hito",2,1),"") | O7: =IF(AND(O$5>=$E7,O$5<=$F7),IF($D7="Hito",2,1),"") | P7: =IF(AND(P$5>=$E7,P$5<=$F7),IF($D7="Hito",2,1),"") | Q7: =IF(AND(Q$5>=$E7,Q$5<=$F7),IF($D7="Hito",2,1),"") | R7: =IF(AND(R$5>=$E7,R$5<=$F7),IF($D7="Hito",2,1),"") | ... AB7: =IF(AND(AB$5>=$E7,AB$5<=$F7),IF($D7="Hito",2,1),"")
A8: 3 | B8: Planificación y análisis | C8: Project Charter, alcance y stakeholders | D8: Actividad | E8: ='Detalle editable'!E6 -> 2 | F8: ='Detalle editable'!F6 -> 2 | G8: =F8-E8+1 -> 1 | H8: 46267 | I8: 46269 | J8: Sthepany | K8: =IF(AND(K$5>=$E8,K$5<=$F8),IF($D8="Hito",2,1),"") | L8: =IF(AND(L$5>=$E8,L$5<=$F8),IF($D8="Hito",2,1),"") -> 1 | M8: =IF(AND(M$5>=$E8,M$5<=$F8),IF($D8="Hito",2,1),"") | N8: =IF(AND(N$5>=$E8,N$5<=$F8),IF($D8="Hito",2,1),"") | O8: =IF(AND(O$5>=$E8,O$5<=$F8),IF($D8="Hito",2,1),"") | P8: =IF(AND(P$5>=$E8,P$5<=$F8),IF($D8="Hito",2,1),"") | Q8: =IF(AND(Q$5>=$E8,Q$5<=$F8),IF($D8="Hito",2,1),"") | R8: =IF(AND(R$5>=$E8,R$5<=$F8),IF($D8="Hito",2,1),"") | ... AB8: =IF(AND(AB$5>=$E8,AB$5<=$F8),IF($D8="Hito",2,1),"")
A9: 4 | B9: Planificación y análisis | C9: WBS, cronograma y estimación de recursos | D9: Actividad | E9: ='Detalle editable'!E7 -> 2 | F9: ='Detalle editable'!F7 -> 3 | G9: =F9-E9+1 -> 2 | H9: 46267 | I9: 46276 | J9: Sthepany | K9: =IF(AND(K$5>=$E9,K$5<=$F9),IF($D9="Hito",2,1),"") | L9: =IF(AND(L$5>=$E9,L$5<=$F9),IF($D9="Hito",2,1),"") -> 1 | M9: =IF(AND(M$5>=$E9,M$5<=$F9),IF($D9="Hito",2,1),"") -> 1 | N9: =IF(AND(N$5>=$E9,N$5<=$F9),IF($D9="Hito",2,1),"") | O9: =IF(AND(O$5>=$E9,O$5<=$F9),IF($D9="Hito",2,1),"") | P9: =IF(AND(P$5>=$E9,P$5<=$F9),IF($D9="Hito",2,1),"") | Q9: =IF(AND(Q$5>=$E9,Q$5<=$F9),IF($D9="Hito",2,1),"") | R9: =IF(AND(R$5>=$E9,R$5<=$F9),IF($D9="Hito",2,1),"") | ... AB9: =IF(AND(AB$5>=$E9,AB$5<=$F9),IF($D9="Hito",2,1),"")
A10: 5 | B10: Planificación y análisis | C10: Levantamiento y priorización de requerimientos | D10: Actividad | E10: ='Detalle editable'!E8 -> 3 | F10: ='Detalle editable'!F8 -> 4 | G10: =F10-E10+1 -> 2 | H10: 46274 | I10: 46283 | J10: Herbert | K10: =IF(AND(K$5>=$E10,K$5<=$F10),IF($D10="Hito",2,1),"") | L10: =IF(AND(L$5>=$E10,L$5<=$F10),IF($D10="Hito",2,1),"") | M10: =IF(AND(M$5>=$E10,M$5<=$F10),IF($D10="Hito",2,1),"") -> 1 | N10: =IF(AND(N$5>=$E10,N$5<=$F10),IF($D10="Hito",2,1),"") -> 1 | O10: =IF(AND(O$5>=$E10,O$5<=$F10),IF($D10="Hito",2,1),"") | P10: =IF(AND(P$5>=$E10,P$5<=$F10),IF($D10="Hito",2,1),"") | Q10: =IF(AND(Q$5>=$E10,Q$5<=$F10),IF($D10="Hito",2,1),"") | R10: =IF(AND(R$5>=$E10,R$5<=$F10),IF($D10="Hito",2,1),"") | ... AB10: =IF(AND(AB$5>=$E10,AB$5<=$F10),IF($D10="Hito",2,1),"")
A11: 6 | B11: Planificación y análisis | C11: Prototipos preliminares de flujos críticos | D11: Actividad | E11: ='Detalle editable'!E9 -> 3 | F11: ='Detalle editable'!F9 -> 4 | G11: =F11-E11+1 -> 2 | H11: 46274 | I11: 46283 | J11: Herbert | K11: =IF(AND(K$5>=$E11,K$5<=$F11),IF($D11="Hito",2,1),"") | L11: =IF(AND(L$5>=$E11,L$5<=$F11),IF($D11="Hito",2,1),"") | M11: =IF(AND(M$5>=$E11,M$5<=$F11),IF($D11="Hito",2,1),"") -> 1 | N11: =IF(AND(N$5>=$E11,N$5<=$F11),IF($D11="Hito",2,1),"") -> 1 | O11: =IF(AND(O$5>=$E11,O$5<=$F11),IF($D11="Hito",2,1),"") | P11: =IF(AND(P$5>=$E11,P$5<=$F11),IF($D11="Hito",2,1),"") | Q11: =IF(AND(Q$5>=$E11,Q$5<=$F11),IF($D11="Hito",2,1),"") | R11: =IF(AND(R$5>=$E11,R$5<=$F11),IF($D11="Hito",2,1),"") | ... AB11: =IF(AND(AB$5>=$E11,AB$5<=$F11),IF($D11="Hito",2,1),"")
A12: 7 | B12: Hito académico | C12: APF1: planificación y análisis | D12: Hito | E12: ='Detalle editable'!E10 -> 4 | F12: ='Detalle editable'!F10 -> 4 | G12: =F12-E12+1 -> 1 | H12: 46283 | I12: 46283 | J12: =IF('Detalle editable'!I10="","",'Detalle editable'!I10) | K12: =IF(AND(K$5>=$E12,K$5<=$F12),IF($D12="Hito",2,1),"") | L12: =IF(AND(L$5>=$E12,L$5<=$F12),IF($D12="Hito",2,1),"") | M12: =IF(AND(M$5>=$E12,M$5<=$F12),IF($D12="Hito",2,1),"") | N12: =IF(AND(N$5>=$E12,N$5<=$F12),IF($D12="Hito",2,1),"") -> 2 | O12: =IF(AND(O$5>=$E12,O$5<=$F12),IF($D12="Hito",2,1),"") | P12: =IF(AND(P$5>=$E12,P$5<=$F12),IF($D12="Hito",2,1),"") | Q12: =IF(AND(Q$5>=$E12,Q$5<=$F12),IF($D12="Hito",2,1),"") | R12: =IF(AND(R$5>=$E12,R$5<=$F12),IF($D12="Hito",2,1),"") | ... AB12: =IF(AND(AB$5>=$E12,AB$5<=$F12),IF($D12="Hito",2,1),"")
A13: 8 | B13: Diseño | C13: Modelado de procesos BPMN | D13: Actividad | E13: ='Detalle editable'!E11 -> 5 | F13: ='Detalle editable'!F11 -> 6 | G13: =F13-E13+1 -> 2 | H13: 46288 | I13: 46297 | J13: Sthepany | K13: =IF(AND(K$5>=$E13,K$5<=$F13),IF($D13="Hito",2,1),"") | L13: =IF(AND(L$5>=$E13,L$5<=$F13),IF($D13="Hito",2,1),"") | M13: =IF(AND(M$5>=$E13,M$5<=$F13),IF($D13="Hito",2,1),"") | N13: =IF(AND(N$5>=$E13,N$5<=$F13),IF($D13="Hito",2,1),"") | O13: =IF(AND(O$5>=$E13,O$5<=$F13),IF($D13="Hito",2,1),"") -> 1 | P13: =IF(AND(P$5>=$E13,P$5<=$F13),IF($D13="Hito",2,1),"") -> 1 | Q13: =IF(AND(Q$5>=$E13,Q$5<=$F13),IF($D13="Hito",2,1),"") | R13: =IF(AND(R$5>=$E13,R$5<=$F13),IF($D13="Hito",2,1),"") | ... AB13: =IF(AND(AB$5>=$E13,AB$5<=$F13),IF($D13="Hito",2,1),"")
A14: 9 | B14: Diseño | C14: Diseño lógico de base de datos | D14: Actividad | E14: ='Detalle editable'!E12 -> 5 | F14: ='Detalle editable'!F12 -> 6 | G14: =F14-E14+1 -> 2 | H14: 46288 | I14: 46297 | J14: Kiara | K14: =IF(AND(K$5>=$E14,K$5<=$F14),IF($D14="Hito",2,1),"") | L14: =IF(AND(L$5>=$E14,L$5<=$F14),IF($D14="Hito",2,1),"") | M14: =IF(AND(M$5>=$E14,M$5<=$F14),IF($D14="Hito",2,1),"") | N14: =IF(AND(N$5>=$E14,N$5<=$F14),IF($D14="Hito",2,1),"") | O14: =IF(AND(O$5>=$E14,O$5<=$F14),IF($D14="Hito",2,1),"") -> 1 | P14: =IF(AND(P$5>=$E14,P$5<=$F14),IF($D14="Hito",2,1),"") -> 1 | Q14: =IF(AND(Q$5>=$E14,Q$5<=$F14),IF($D14="Hito",2,1),"") | R14: =IF(AND(R$5>=$E14,R$5<=$F14),IF($D14="Hito",2,1),"") | ... AB14: =IF(AND(AB$5>=$E14,AB$5<=$F14),IF($D14="Hito",2,1),"")
A15: 10 | B15: Diseño | C15: Diseño físico y scripts de base de datos | D15: Actividad | E15: ='Detalle editable'!E13 -> 6 | F15: ='Detalle editable'!F13 -> 7 | G15: =F15-E15+1 -> 2 | H15: 46295 | I15: 46304 | J15: Herbert | K15: =IF(AND(K$5>=$E15,K$5<=$F15),IF($D15="Hito",2,1),"") | L15: =IF(AND(L$5>=$E15,L$5<=$F15),IF($D15="Hito",2,1),"") | M15: =IF(AND(M$5>=$E15,M$5<=$F15),IF($D15="Hito",2,1),"") | N15: =IF(AND(N$5>=$E15,N$5<=$F15),IF($D15="Hito",2,1),"") | O15: =IF(AND(O$5>=$E15,O$5<=$F15),IF($D15="Hito",2,1),"") | P15: =IF(AND(P$5>=$E15,P$5<=$F15),IF($D15="Hito",2,1),"") -> 1 | Q15: =IF(AND(Q$5>=$E15,Q$5<=$F15),IF($D15="Hito",2,1),"") -> 1 | R15: =IF(AND(R$5>=$E15,R$5<=$F15),IF($D15="Hito",2,1),"") | ... AB15: =IF(AND(AB$5>=$E15,AB$5<=$F15),IF($D15="Hito",2,1),"")
A16: 11 | B16: Diseño | C16: Diseño UX/UI de los flujos principales | D16: Actividad | E16: ='Detalle editable'!E14 -> 6 | F16: ='Detalle editable'!F14 -> 7 | G16: =F16-E16+1 -> 2 | H16: 46295 | I16: 46304 | J16: Kiara | K16: =IF(AND(K$5>=$E16,K$5<=$F16),IF($D16="Hito",2,1),"") | L16: =IF(AND(L$5>=$E16,L$5<=$F16),IF($D16="Hito",2,1),"") | M16: =IF(AND(M$5>=$E16,M$5<=$F16),IF($D16="Hito",2,1),"") | N16: =IF(AND(N$5>=$E16,N$5<=$F16),IF($D16="Hito",2,1),"") | O16: =IF(AND(O$5>=$E16,O$5<=$F16),IF($D16="Hito",2,1),"") | P16: =IF(AND(P$5>=$E16,P$5<=$F16),IF($D16="Hito",2,1),"") -> 1 | Q16: =IF(AND(Q$5>=$E16,Q$5<=$F16),IF($D16="Hito",2,1),"") -> 1 | R16: =IF(AND(R$5>=$E16,R$5<=$F16),IF($D16="Hito",2,1),"") | ... AB16: =IF(AND(AB$5>=$E16,AB$5<=$F16),IF($D16="Hito",2,1),"")
A17: 12 | B17: Diseño | C17: Arquitectura preliminar y documentación de diseño | D17: Actividad | E17: ='Detalle editable'!E15 -> 7 | F17: ='Detalle editable'!F15 -> 8 | G17: =F17-E17+1 -> 2 | H17: 46302 | I17: 46311 | J17: Herbert | K17: =IF(AND(K$5>=$E17,K$5<=$F17),IF($D17="Hito",2,1),"") | L17: =IF(AND(L$5>=$E17,L$5<=$F17),IF($D17="Hito",2,1),"") | M17: =IF(AND(M$5>=$E17,M$5<=$F17),IF($D17="Hito",2,1),"") | N17: =IF(AND(N$5>=$E17,N$5<=$F17),IF($D17="Hito",2,1),"") | O17: =IF(AND(O$5>=$E17,O$5<=$F17),IF($D17="Hito",2,1),"") | P17: =IF(AND(P$5>=$E17,P$5<=$F17),IF($D17="Hito",2,1),"") | Q17: =IF(AND(Q$5>=$E17,Q$5<=$F17),IF($D17="Hito",2,1),"") -> 1 | R17: =IF(AND(R$5>=$E17,R$5<=$F17),IF($D17="Hito",2,1),"") -> 1 | ... AB17: =IF(AND(AB$5>=$E17,AB$5<=$F17),IF($D17="Hito",2,1),"")
A18: 13 | B18: Hito académico | C18: APF2: diseño de la solución | D18: Hito | E18: ='Detalle editable'!E16 -> 8 | F18: ='Detalle editable'!F16 -> 8 | G18: =F18-E18+1 -> 1 | H18: 46311 | I18: 46311 | J18: =IF('Detalle editable'!I16="","",'Detalle editable'!I16) | K18: =IF(AND(K$5>=$E18,K$5<=$F18),IF($D18="Hito",2,1),"") | L18: =IF(AND(L$5>=$E18,L$5<=$F18),IF($D18="Hito",2,1),"") | M18: =IF(AND(M$5>=$E18,M$5<=$F18),IF($D18="Hito",2,1),"") | N18: =IF(AND(N$5>=$E18,N$5<=$F18),IF($D18="Hito",2,1),"") | O18: =IF(AND(O$5>=$E18,O$5<=$F18),IF($D18="Hito",2,1),"") | P18: =IF(AND(P$5>=$E18,P$5<=$F18),IF($D18="Hito",2,1),"") | Q18: =IF(AND(Q$5>=$E18,Q$5<=$F18),IF($D18="Hito",2,1),"") | R18: =IF(AND(R$5>=$E18,R$5<=$F18),IF($D18="Hito",2,1),"") -> 2 | ... AB18: =IF(AND(AB$5>=$E18,AB$5<=$F18),IF($D18="Hito",2,1),"")
A19: 14 | B19: Desarrollo | C19: Configuración del repositorio, Maven y entorno | D19: Actividad | E19: ='Detalle editable'!E17 -> 8 | F19: ='Detalle editable'!F17 -> 9 | G19: =F19-E19+1 -> 2 | H19: 46309 | I19: 46318 | J19: Sthepany | K19: =IF(AND(K$5>=$E19,K$5<=$F19),IF($D19="Hito",2,1),"") | L19: =IF(AND(L$5>=$E19,L$5<=$F19),IF($D19="Hito",2,1),"") | M19: =IF(AND(M$5>=$E19,M$5<=$F19),IF($D19="Hito",2,1),"") | N19: =IF(AND(N$5>=$E19,N$5<=$F19),IF($D19="Hito",2,1),"") | O19: =IF(AND(O$5>=$E19,O$5<=$F19),IF($D19="Hito",2,1),"") | P19: =IF(AND(P$5>=$E19,P$5<=$F19),IF($D19="Hito",2,1),"") | Q19: =IF(AND(Q$5>=$E19,Q$5<=$F19),IF($D19="Hito",2,1),"") | R19: =IF(AND(R$5>=$E19,R$5<=$F19),IF($D19="Hito",2,1),"") -> 1 | ... AB19: =IF(AND(AB$5>=$E19,AB$5<=$F19),IF($D19="Hito",2,1),"")
A20: 15 | B20: Desarrollo | C20: Arquitectura MVC, DAO, servicios, RBAC y seguridad base | D20: Actividad | E20: ='Detalle editable'!E18 -> 9 | F20: ='Detalle editable'!F18 -> 10 | G20: =F20-E20+1 -> 2 | H20: 46316 | I20: 46325 | J20: Sthepany | K20: =IF(AND(K$5>=$E20,K$5<=$F20),IF($D20="Hito",2,1),"") | L20: =IF(AND(L$5>=$E20,L$5<=$F20),IF($D20="Hito",2,1),"") | M20: =IF(AND(M$5>=$E20,M$5<=$F20),IF($D20="Hito",2,1),"") | N20: =IF(AND(N$5>=$E20,N$5<=$F20),IF($D20="Hito",2,1),"") | O20: =IF(AND(O$5>=$E20,O$5<=$F20),IF($D20="Hito",2,1),"") | P20: =IF(AND(P$5>=$E20,P$5<=$F20),IF($D20="Hito",2,1),"") | Q20: =IF(AND(Q$5>=$E20,Q$5<=$F20),IF($D20="Hito",2,1),"") | R20: =IF(AND(R$5>=$E20,R$5<=$F20),IF($D20="Hito",2,1),"") | ... AB20: =IF(AND(AB$5>=$E20,AB$5<=$F20),IF($D20="Hito",2,1),"")
A21: 16 | B21: Desarrollo | C21: M1: autenticación, roles y sesiones | D21: Actividad | E21: ='Detalle editable'!E19 -> 9 | F21: ='Detalle editable'!F19 -> 10 | G21: =F21-E21+1 -> 2 | H21: 46316 | I21: 46325 | J21: Sthepany | K21: =IF(AND(K$5>=$E21,K$5<=$F21),IF($D21="Hito",2,1),"") | L21: =IF(AND(L$5>=$E21,L$5<=$F21),IF($D21="Hito",2,1),"") | M21: =IF(AND(M$5>=$E21,M$5<=$F21),IF($D21="Hito",2,1),"") | N21: =IF(AND(N$5>=$E21,N$5<=$F21),IF($D21="Hito",2,1),"") | O21: =IF(AND(O$5>=$E21,O$5<=$F21),IF($D21="Hito",2,1),"") | P21: =IF(AND(P$5>=$E21,P$5<=$F21),IF($D21="Hito",2,1),"") | Q21: =IF(AND(Q$5>=$E21,Q$5<=$F21),IF($D21="Hito",2,1),"") | R21: =IF(AND(R$5>=$E21,R$5<=$F21),IF($D21="Hito",2,1),"") | ... AB21: =IF(AND(AB$5>=$E21,AB$5<=$F21),IF($D21="Hito",2,1),"")
A22: 17 | B22: Desarrollo | C22: M2 y M3: activos digitales, herederos y validador | D22: Actividad | E22: ='Detalle editable'!E20 -> 10 | F22: ='Detalle editable'!F20 -> 11 | G22: =F22-E22+1 -> 2 | H22: 46323 | I22: 46332 | J22: Herbert | K22: =IF(AND(K$5>=$E22,K$5<=$F22),IF($D22="Hito",2,1),"") | L22: =IF(AND(L$5>=$E22,L$5<=$F22),IF($D22="Hito",2,1),"") | M22: =IF(AND(M$5>=$E22,M$5<=$F22),IF($D22="Hito",2,1),"") | N22: =IF(AND(N$5>=$E22,N$5<=$F22),IF($D22="Hito",2,1),"") | O22: =IF(AND(O$5>=$E22,O$5<=$F22),IF($D22="Hito",2,1),"") | P22: =IF(AND(P$5>=$E22,P$5<=$F22),IF($D22="Hito",2,1),"") | Q22: =IF(AND(Q$5>=$E22,Q$5<=$F22),IF($D22="Hito",2,1),"") | R22: =IF(AND(R$5>=$E22,R$5<=$F22),IF($D22="Hito",2,1),"") | ... AB22: =IF(AND(AB$5>=$E22,AB$5<=$F22),IF($D22="Hito",2,1),"")
A23: 18 | B23: Desarrollo | C23: M4: reglas de liberación y monitoreo de inactividad | D23: Actividad | E23: ='Detalle editable'!E21 -> 10 | F23: ='Detalle editable'!F21 -> 11 | G23: =F23-E23+1 -> 2 | H23: 46323 | I23: 46332 | J23: Herbert | K23: =IF(AND(K$5>=$E23,K$5<=$F23),IF($D23="Hito",2,1),"") | L23: =IF(AND(L$5>=$E23,L$5<=$F23),IF($D23="Hito",2,1),"") | M23: =IF(AND(M$5>=$E23,M$5<=$F23),IF($D23="Hito",2,1),"") | N23: =IF(AND(N$5>=$E23,N$5<=$F23),IF($D23="Hito",2,1),"") | O23: =IF(AND(O$5>=$E23,O$5<=$F23),IF($D23="Hito",2,1),"") | P23: =IF(AND(P$5>=$E23,P$5<=$F23),IF($D23="Hito",2,1),"") | Q23: =IF(AND(Q$5>=$E23,Q$5<=$F23),IF($D23="Hito",2,1),"") | R23: =IF(AND(R$5>=$E23,R$5<=$F23),IF($D23="Hito",2,1),"") | ... AB23: =IF(AND(AB$5>=$E23,AB$5<=$F23),IF($D23="Hito",2,1),"")
A24: 19 | B24: Desarrollo | C24: M5: flujo principal de liberación | D24: Actividad | E24: ='Detalle editable'!E22 -> 11 | F24: ='Detalle editable'!F22 -> 12 | G24: =F24-E24+1 -> 2 | H24: 46330 | I24: 46339 | J24: Kiara | K24: =IF(AND(K$5>=$E24,K$5<=$F24),IF($D24="Hito",2,1),"") | L24: =IF(AND(L$5>=$E24,L$5<=$F24),IF($D24="Hito",2,1),"") | M24: =IF(AND(M$5>=$E24,M$5<=$F24),IF($D24="Hito",2,1),"") | N24: =IF(AND(N$5>=$E24,N$5<=$F24),IF($D24="Hito",2,1),"") | O24: =IF(AND(O$5>=$E24,O$5<=$F24),IF($D24="Hito",2,1),"") | P24: =IF(AND(P$5>=$E24,P$5<=$F24),IF($D24="Hito",2,1),"") | Q24: =IF(AND(Q$5>=$E24,Q$5<=$F24),IF($D24="Hito",2,1),"") | R24: =IF(AND(R$5>=$E24,R$5<=$F24),IF($D24="Hito",2,1),"") | ... AB24: =IF(AND(AB$5>=$E24,AB$5<=$F24),IF($D24="Hito",2,1),"")
A25: 20 | B25: Desarrollo | C25: Recursos Java, logging y documentación técnica | D25: Actividad | E25: ='Detalle editable'!E23 -> 10 | F25: ='Detalle editable'!F23 -> 12 | G25: =F25-E25+1 -> 3 | H25: 46323 | I25: 46339 | J25: Kiara | K25: =IF(AND(K$5>=$E25,K$5<=$F25),IF($D25="Hito",2,1),"") | L25: =IF(AND(L$5>=$E25,L$5<=$F25),IF($D25="Hito",2,1),"") | M25: =IF(AND(M$5>=$E25,M$5<=$F25),IF($D25="Hito",2,1),"") | N25: =IF(AND(N$5>=$E25,N$5<=$F25),IF($D25="Hito",2,1),"") | O25: =IF(AND(O$5>=$E25,O$5<=$F25),IF($D25="Hito",2,1),"") | P25: =IF(AND(P$5>=$E25,P$5<=$F25),IF($D25="Hito",2,1),"") | Q25: =IF(AND(Q$5>=$E25,Q$5<=$F25),IF($D25="Hito",2,1),"") | R25: =IF(AND(R$5>=$E25,R$5<=$F25),IF($D25="Hito",2,1),"") | ... AB25: =IF(AND(AB$5>=$E25,AB$5<=$F25),IF($D25="Hito",2,1),"")
A26: 21 | B26: Desarrollo | C26: Integración y estabilización del avance al 40 % | D26: Actividad | E26: ='Detalle editable'!E24 -> 11 | F26: ='Detalle editable'!F24 -> 12 | G26: =F26-E26+1 -> 2 | H26: 46330 | I26: 46339 | J26: Herbert | K26: =IF(AND(K$5>=$E26,K$5<=$F26),IF($D26="Hito",2,1),"") | L26: =IF(AND(L$5>=$E26,L$5<=$F26),IF($D26="Hito",2,1),"") | M26: =IF(AND(M$5>=$E26,M$5<=$F26),IF($D26="Hito",2,1),"") | N26: =IF(AND(N$5>=$E26,N$5<=$F26),IF($D26="Hito",2,1),"") | O26: =IF(AND(O$5>=$E26,O$5<=$F26),IF($D26="Hito",2,1),"") | P26: =IF(AND(P$5>=$E26,P$5<=$F26),IF($D26="Hito",2,1),"") | Q26: =IF(AND(Q$5>=$E26,Q$5<=$F26),IF($D26="Hito",2,1),"") | R26: =IF(AND(R$5>=$E26,R$5<=$F26),IF($D26="Hito",2,1),"") | ... AB26: =IF(AND(AB$5>=$E26,AB$5<=$F26),IF($D26="Hito",2,1),"")
A27: 22 | B27: Hito académico | C27: APF3: arquitectura y desarrollo al 40 % | D27: Hito | E27: ='Detalle editable'!E25 -> 12 | F27: ='Detalle editable'!F25 -> 12 | G27: =F27-E27+1 -> 1 | H27: 46339 | I27: 46339 | J27: =IF('Detalle editable'!I25="","",'Detalle editable'!I25) | K27: =IF(AND(K$5>=$E27,K$5<=$F27),IF($D27="Hito",2,1),"") | L27: =IF(AND(L$5>=$E27,L$5<=$F27),IF($D27="Hito",2,1),"") | M27: =IF(AND(M$5>=$E27,M$5<=$F27),IF($D27="Hito",2,1),"") | N27: =IF(AND(N$5>=$E27,N$5<=$F27),IF($D27="Hito",2,1),"") | O27: =IF(AND(O$5>=$E27,O$5<=$F27),IF($D27="Hito",2,1),"") | P27: =IF(AND(P$5>=$E27,P$5<=$F27),IF($D27="Hito",2,1),"") | Q27: =IF(AND(Q$5>=$E27,Q$5<=$F27),IF($D27="Hito",2,1),"") | R27: =IF(AND(R$5>=$E27,R$5<=$F27),IF($D27="Hito",2,1),"") | ... AB27: =IF(AND(AB$5>=$E27,AB$5<=$F27),IF($D27="Hito",2,1),"")
A28: 23 | B28: Desarrollo complementario | C28: M6 y M7: orientación legal y notificaciones | D28: Actividad | E28: ='Detalle editable'!E26 -> 12 | F28: ='Detalle editable'!F26 -> 13 | G28: =F28-E28+1 -> 2 | H28: 46337 | I28: 46346 | J28: Kiara | K28: =IF(AND(K$5>=$E28,K$5<=$F28),IF($D28="Hito",2,1),"") | L28: =IF(AND(L$5>=$E28,L$5<=$F28),IF($D28="Hito",2,1),"") | M28: =IF(AND(M$5>=$E28,M$5<=$F28),IF($D28="Hito",2,1),"") | N28: =IF(AND(N$5>=$E28,N$5<=$F28),IF($D28="Hito",2,1),"") | O28: =IF(AND(O$5>=$E28,O$5<=$F28),IF($D28="Hito",2,1),"") | P28: =IF(AND(P$5>=$E28,P$5<=$F28),IF($D28="Hito",2,1),"") | Q28: =IF(AND(Q$5>=$E28,Q$5<=$F28),IF($D28="Hito",2,1),"") | R28: =IF(AND(R$5>=$E28,R$5<=$F28),IF($D28="Hito",2,1),"") | ... AB28: =IF(AND(AB$5>=$E28,AB$5<=$F28),IF($D28="Hito",2,1),"")
A29: 24 | B29: Desarrollo complementario | C29: M8: auditoría, reportes Excel y certificado PDF | D29: Actividad | E29: ='Detalle editable'!E27 -> 12 | F29: ='Detalle editable'!F27 -> 13 | G29: =F29-E29+1 -> 2 | H29: 46337 | I29: 46346 | J29: Sthepany | K29: =IF(AND(K$5>=$E29,K$5<=$F29),IF($D29="Hito",2,1),"") | L29: =IF(AND(L$5>=$E29,L$5<=$F29),IF($D29="Hito",2,1),"") | M29: =IF(AND(M$5>=$E29,M$5<=$F29),IF($D29="Hito",2,1),"") | N29: =IF(AND(N$5>=$E29,N$5<=$F29),IF($D29="Hito",2,1),"") | O29: =IF(AND(O$5>=$E29,O$5<=$F29),IF($D29="Hito",2,1),"") | P29: =IF(AND(P$5>=$E29,P$5<=$F29),IF($D29="Hito",2,1),"") | Q29: =IF(AND(Q$5>=$E29,Q$5<=$F29),IF($D29="Hito",2,1),"") | R29: =IF(AND(R$5>=$E29,R$5<=$F29),IF($D29="Hito",2,1),"") | ... AB29: =IF(AND(AB$5>=$E29,AB$5<=$F29),IF($D29="Hito",2,1),"")
A30: 25 | B30: Pruebas | C30: Pruebas unitarias, funcionales y de integración | D30: Actividad | E30: ='Detalle editable'!E28 -> 9 | F30: ='Detalle editable'!F28 -> 13 | G30: =F30-E30+1 -> 5 | H30: 46316 | I30: 46346 | J30: Sthepany | K30: =IF(AND(K$5>=$E30,K$5<=$F30),IF($D30="Hito",2,1),"") | L30: =IF(AND(L$5>=$E30,L$5<=$F30),IF($D30="Hito",2,1),"") | M30: =IF(AND(M$5>=$E30,M$5<=$F30),IF($D30="Hito",2,1),"") | N30: =IF(AND(N$5>=$E30,N$5<=$F30),IF($D30="Hito",2,1),"") | O30: =IF(AND(O$5>=$E30,O$5<=$F30),IF($D30="Hito",2,1),"") | P30: =IF(AND(P$5>=$E30,P$5<=$F30),IF($D30="Hito",2,1),"") | Q30: =IF(AND(Q$5>=$E30,Q$5<=$F30),IF($D30="Hito",2,1),"") | R30: =IF(AND(R$5>=$E30,R$5<=$F30),IF($D30="Hito",2,1),"") | ... AB30: =IF(AND(AB$5>=$E30,AB$5<=$F30),IF($D30="Hito",2,1),"")
A31: 26 | B31: Desarrollo complementario | C31: M9 y M10: suscripciones, administración y disputas | D31: Actividad | E31: ='Detalle editable'!E29 -> 13 | F31: ='Detalle editable'!F29 -> 14 | G31: =F31-E31+1 -> 2 | H31: 46344 | I31: 46353 | J31: Kiara | K31: =IF(AND(K$5>=$E31,K$5<=$F31),IF($D31="Hito",2,1),"") | L31: =IF(AND(L$5>=$E31,L$5<=$F31),IF($D31="Hito",2,1),"") | M31: =IF(AND(M$5>=$E31,M$5<=$F31),IF($D31="Hito",2,1),"") | N31: =IF(AND(N$5>=$E31,N$5<=$F31),IF($D31="Hito",2,1),"") | O31: =IF(AND(O$5>=$E31,O$5<=$F31),IF($D31="Hito",2,1),"") | P31: =IF(AND(P$5>=$E31,P$5<=$F31),IF($D31="Hito",2,1),"") | Q31: =IF(AND(Q$5>=$E31,Q$5<=$F31),IF($D31="Hito",2,1),"") | R31: =IF(AND(R$5>=$E31,R$5<=$F31),IF($D31="Hito",2,1),"") | ... AB31: =IF(AND(AB$5>=$E31,AB$5<=$F31),IF($D31="Hito",2,1),"")
A32: 27 | B32: Pruebas y seguridad | C32: Pruebas de seguridad y corrección de vulnerabilidades | D32: Actividad | E32: ='Detalle editable'!E30 -> 14 | F32: ='Detalle editable'!F30 -> 14 | G32: =F32-E32+1 -> 1 | H32: 46351 | I32: 46353 | J32: Sthepany | K32: =IF(AND(K$5>=$E32,K$5<=$F32),IF($D32="Hito",2,1),"") | L32: =IF(AND(L$5>=$E32,L$5<=$F32),IF($D32="Hito",2,1),"") | M32: =IF(AND(M$5>=$E32,M$5<=$F32),IF($D32="Hito",2,1),"") | N32: =IF(AND(N$5>=$E32,N$5<=$F32),IF($D32="Hito",2,1),"") | O32: =IF(AND(O$5>=$E32,O$5<=$F32),IF($D32="Hito",2,1),"") | P32: =IF(AND(P$5>=$E32,P$5<=$F32),IF($D32="Hito",2,1),"") | Q32: =IF(AND(Q$5>=$E32,Q$5<=$F32),IF($D32="Hito",2,1),"") | R32: =IF(AND(R$5>=$E32,R$5<=$F32),IF($D32="Hito",2,1),"") | ... AB32: =IF(AND(AB$5>=$E32,AB$5<=$F32),IF($D32="Hito",2,1),"")
A33: 28 | B33: Despliegue | C33: Preparación y despliegue con Maven | D33: Actividad | E33: ='Detalle editable'!E31 -> 14 | F33: ='Detalle editable'!F31 -> 15 | G33: =F33-E33+1 -> 2 | H33: 46351 | I33: 46360 | J33: Herbert | K33: =IF(AND(K$5>=$E33,K$5<=$F33),IF($D33="Hito",2,1),"") | L33: =IF(AND(L$5>=$E33,L$5<=$F33),IF($D33="Hito",2,1),"") | M33: =IF(AND(M$5>=$E33,M$5<=$F33),IF($D33="Hito",2,1),"") | N33: =IF(AND(N$5>=$E33,N$5<=$F33),IF($D33="Hito",2,1),"") | O33: =IF(AND(O$5>=$E33,O$5<=$F33),IF($D33="Hito",2,1),"") | P33: =IF(AND(P$5>=$E33,P$5<=$F33),IF($D33="Hito",2,1),"") | Q33: =IF(AND(Q$5>=$E33,Q$5<=$F33),IF($D33="Hito",2,1),"") | R33: =IF(AND(R$5>=$E33,R$5<=$F33),IF($D33="Hito",2,1),"") | ... AB33: =IF(AND(AB$5>=$E33,AB$5<=$F33),IF($D33="Hito",2,1),"")
A34: 29 | B34: Operación | C34: Monitoreo, logs, rendimiento y salud del sistema | D34: Actividad | E34: ='Detalle editable'!E32 -> 15 | F34: ='Detalle editable'!F32 -> 16 | G34: =F34-E34+1 -> 2 | H34: 46358 | I34: 46367 | J34: Herbert | K34: =IF(AND(K$5>=$E34,K$5<=$F34),IF($D34="Hito",2,1),"") | L34: =IF(AND(L$5>=$E34,L$5<=$F34),IF($D34="Hito",2,1),"") | M34: =IF(AND(M$5>=$E34,M$5<=$F34),IF($D34="Hito",2,1),"") | N34: =IF(AND(N$5>=$E34,N$5<=$F34),IF($D34="Hito",2,1),"") | O34: =IF(AND(O$5>=$E34,O$5<=$F34),IF($D34="Hito",2,1),"") | P34: =IF(AND(P$5>=$E34,P$5<=$F34),IF($D34="Hito",2,1),"") | Q34: =IF(AND(Q$5>=$E34,Q$5<=$F34),IF($D34="Hito",2,1),"") | R34: =IF(AND(R$5>=$E34,R$5<=$F34),IF($D34="Hito",2,1),"") | ... AB34: =IF(AND(AB$5>=$E34,AB$5<=$F34),IF($D34="Hito",2,1),"")
A35: 30 | B35: Operación | C35: Mantenimiento, backups y recuperación | D35: Actividad | E35: ='Detalle editable'!E33 -> 16 | F35: ='Detalle editable'!F33 -> 17 | G35: =F35-E35+1 -> 2 | H35: 46365 | I35: 46374 | J35: Kiara | K35: =IF(AND(K$5>=$E35,K$5<=$F35),IF($D35="Hito",2,1),"") | L35: =IF(AND(L$5>=$E35,L$5<=$F35),IF($D35="Hito",2,1),"") | M35: =IF(AND(M$5>=$E35,M$5<=$F35),IF($D35="Hito",2,1),"") | N35: =IF(AND(N$5>=$E35,N$5<=$F35),IF($D35="Hito",2,1),"") | O35: =IF(AND(O$5>=$E35,O$5<=$F35),IF($D35="Hito",2,1),"") | P35: =IF(AND(P$5>=$E35,P$5<=$F35),IF($D35="Hito",2,1),"") | Q35: =IF(AND(Q$5>=$E35,Q$5<=$F35),IF($D35="Hito",2,1),"") | R35: =IF(AND(R$5>=$E35,R$5<=$F35),IF($D35="Hito",2,1),"") | ... AB35: =IF(AND(AB$5>=$E35,AB$5<=$F35),IF($D35="Hito",2,1),"")
A36: 31 | B36: Cierre | C36: Pruebas de aceptación y corrección final | D36: Actividad | E36: ='Detalle editable'!E34 -> 16 | F36: ='Detalle editable'!F34 -> 17 | G36: =F36-E36+1 -> 2 | H36: 46365 | I36: 46374 | J36: Sthepany | K36: =IF(AND(K$5>=$E36,K$5<=$F36),IF($D36="Hito",2,1),"") | L36: =IF(AND(L$5>=$E36,L$5<=$F36),IF($D36="Hito",2,1),"") | M36: =IF(AND(M$5>=$E36,M$5<=$F36),IF($D36="Hito",2,1),"") | N36: =IF(AND(N$5>=$E36,N$5<=$F36),IF($D36="Hito",2,1),"") | O36: =IF(AND(O$5>=$E36,O$5<=$F36),IF($D36="Hito",2,1),"") | P36: =IF(AND(P$5>=$E36,P$5<=$F36),IF($D36="Hito",2,1),"") | Q36: =IF(AND(Q$5>=$E36,Q$5<=$F36),IF($D36="Hito",2,1),"") | R36: =IF(AND(R$5>=$E36,R$5<=$F36),IF($D36="Hito",2,1),"") | ... AB36: =IF(AND(AB$5>=$E36,AB$5<=$F36),IF($D36="Hito",2,1),"")
A37: 32 | B37: Cierre | C37: Manual de usuario y documentación técnica final | D37: Actividad | E37: ='Detalle editable'!E35 -> 15 | F37: ='Detalle editable'!F35 -> 17 | G37: =F37-E37+1 -> 3 | H37: 46358 | I37: 46374 | J37: Sthepany | K37: =IF(AND(K$5>=$E37,K$5<=$F37),IF($D37="Hito",2,1),"") | L37: =IF(AND(L$5>=$E37,L$5<=$F37),IF($D37="Hito",2,1),"") | M37: =IF(AND(M$5>=$E37,M$5<=$F37),IF($D37="Hito",2,1),"") | N37: =IF(AND(N$5>=$E37,N$5<=$F37),IF($D37="Hito",2,1),"") | O37: =IF(AND(O$5>=$E37,O$5<=$F37),IF($D37="Hito",2,1),"") | P37: =IF(AND(P$5>=$E37,P$5<=$F37),IF($D37="Hito",2,1),"") | Q37: =IF(AND(Q$5>=$E37,Q$5<=$F37),IF($D37="Hito",2,1),"") | R37: =IF(AND(R$5>=$E37,R$5<=$F37),IF($D37="Hito",2,1),"") | ... AB37: =IF(AND(AB$5>=$E37,AB$5<=$F37),IF($D37="Hito",2,1),"")
A38: 33 | B38: Cierre | C38: Preparación de presentación y demostración | D38: Actividad | E38: ='Detalle editable'!E36 -> 17 | F38: ='Detalle editable'!F36 -> 18 | G38: =F38-E38+1 -> 2 | H38: 46372 | I38: 46379 | J38: Herbert | K38: =IF(AND(K$5>=$E38,K$5<=$F38),IF($D38="Hito",2,1),"") | L38: =IF(AND(L$5>=$E38,L$5<=$F38),IF($D38="Hito",2,1),"") | M38: =IF(AND(M$5>=$E38,M$5<=$F38),IF($D38="Hito",2,1),"") | N38: =IF(AND(N$5>=$E38,N$5<=$F38),IF($D38="Hito",2,1),"") | O38: =IF(AND(O$5>=$E38,O$5<=$F38),IF($D38="Hito",2,1),"") | P38: =IF(AND(P$5>=$E38,P$5<=$F38),IF($D38="Hito",2,1),"") | Q38: =IF(AND(Q$5>=$E38,Q$5<=$F38),IF($D38="Hito",2,1),"") | R38: =IF(AND(R$5>=$E38,R$5<=$F38),IF($D38="Hito",2,1),"") | ... AB38: =IF(AND(AB$5>=$E38,AB$5<=$F38),IF($D38="Hito",2,1),"") -> 1
A39: 34 | B39: Hito académico | C39: PROY: entrega y sustentación final | D39: Hito | E39: ='Detalle editable'!E37 -> 18 | F39: ='Detalle editable'!F37 -> 18 | G39: =F39-E39+1 -> 1 | H39: 46379 | I39: 46379 | J39: =IF('Detalle editable'!I37="","",'Detalle editable'!I37) | K39: =IF(AND(K$5>=$E39,K$5<=$F39),IF($D39="Hito",2,1),"") | L39: =IF(AND(L$5>=$E39,L$5<=$F39),IF($D39="Hito",2,1),"") | M39: =IF(AND(M$5>=$E39,M$5<=$F39),IF($D39="Hito",2,1),"") | N39: =IF(AND(N$5>=$E39,N$5<=$F39),IF($D39="Hito",2,1),"") | O39: =IF(AND(O$5>=$E39,O$5<=$F39),IF($D39="Hito",2,1),"") | P39: =IF(AND(P$5>=$E39,P$5<=$F39),IF($D39="Hito",2,1),"") | Q39: =IF(AND(Q$5>=$E39,Q$5<=$F39),IF($D39="Hito",2,1),"") | R39: =IF(AND(R$5>=$E39,R$5<=$F39),IF($D39="Hito",2,1),"") | ... AB39: =IF(AND(AB$5>=$E39,AB$5<=$F39),IF($D39="Hito",2,1),"") -> 2
A42: Leyenda | D42: Actividad programada | G42: Hito académico

Sheet Detalle editable
A1: PLAN DETALLADO Y ASIGNACIÓN DE RESPONSABLES
A3: ID | B3: Fase | C3: Actividad | D3: Tipo | E3: Semana inicio | F3: Semana fin | G3: Duración | H3: Entregable | I3: Responsable | J3: Estado | K3: Prioridad | L3: Fecha inicio | M3: Fecha fin
A4: 1 | B4: Gestión del proyecto | C4: Gestión, seguimiento y actualización documental | D4: Actividad | E4: 1 | F4: 18 | G4: =F4-E4+1 -> 18 | H4: Informe, Gantt, WBS y evidencias actualizadas | J4: No iniciado | K4: Alta | L4: =IF(D4="Hito",M4,'Criterios y alcance'!$B$23+(E4-1)*7) -> 46260 | M4: =MIN('Criterios y alcance'!$B$23+(F4-1)*7+2,'Criterios y alcance'!$B$24) -> 46379
A5: 2 | B5: Planificación y análisis | C5: Análisis del problema y Lean Canvas | D5: Actividad | E5: 1 | F5: 1 | G5: =F5-E5+1 -> 1 | H5: Problema, solución y propuesta de valor | J5: No iniciado | K5: Alta | L5: =IF(D5="Hito",M5,'Criterios y alcance'!$B$23+(E5-1)*7) -> 46260 | M5: =MIN('Criterios y alcance'!$B$23+(F5-1)*7+2,'Criterios y alcance'!$B$24) -> 46262
A6: 3 | B6: Planificación y análisis | C6: Project Charter, alcance y stakeholders | D6: Actividad | E6: 2 | F6: 2 | G6: =F6-E6+1 -> 1 | H6: Project Charter validado | J6: No iniciado | K6: Alta | L6: =IF(D6="Hito",M6,'Criterios y alcance'!$B$23+(E6-1)*7) -> 46267 | M6: =MIN('Criterios y alcance'!$B$23+(F6-1)*7+2,'Criterios y alcance'!$B$24) -> 46269
A7: 4 | B7: Planificación y análisis | C7: WBS, cronograma y estimación de recursos | D7: Actividad | E7: 2 | F7: 3 | G7: =F7-E7+1 -> 2 | H7: WBS y Gantt de 18 semanas | J7: No iniciado | K7: Alta | L7: =IF(D7="Hito",M7,'Criterios y alcance'!$B$23+(E7-1)*7) -> 46267 | M7: =MIN('Criterios y alcance'!$B$23+(F7-1)*7+2,'Criterios y alcance'!$B$24) -> 46276
A8: 5 | B8: Planificación y análisis | C8: Levantamiento y priorización de requerimientos | D8: Actividad | E8: 3 | F8: 4 | G8: =F8-E8+1 -> 2 | H8: RF, RNF, restricciones y alcance del MVP | J8: No iniciado | K8: Alta | L8: =IF(D8="Hito",M8,'Criterios y alcance'!$B$23+(E8-1)*7) -> 46274 | M8: =MIN('Criterios y alcance'!$B$23+(F8-1)*7+2,'Criterios y alcance'!$B$24) -> 46283
A9: 6 | B9: Planificación y análisis | C9: Prototipos preliminares de flujos críticos | D9: Actividad | E9: 3 | F9: 4 | G9: =F9-E9+1 -> 2 | H9: Wireframes iniciales | J9: No iniciado | K9: Media | L9: =IF(D9="Hito",M9,'Criterios y alcance'!$B$23+(E9-1)*7) -> 46274 | M9: =MIN('Criterios y alcance'!$B$23+(F9-1)*7+2,'Criterios y alcance'!$B$24) -> 46283
A10: 7 | B10: Hito académico | C10: APF1: planificación y análisis | D10: Hito | E10: 4 | F10: 4 | G10: =F10-E10+1 -> 1 | H10: Primer avance evaluado | J10: No iniciado | K10: Alta | L10: =IF(D10="Hito",M10,'Criterios y alcance'!$B$23+(E10-1)*7) -> 46283 | M10: =MIN('Criterios y alcance'!$B$23+(F10-1)*7+2,'Criterios y alcance'!$B$24) -> 46283
A11: 8 | B11: Diseño | C11: Modelado de procesos BPMN | D11: Actividad | E11: 5 | F11: 6 | G11: =F11-E11+1 -> 2 | H11: Diagramas de registro, inactividad y liberación | J11: No iniciado | K11: Alta | L11: =IF(D11="Hito",M11,'Criterios y alcance'!$B$23+(E11-1)*7) -> 46288 | M11: =MIN('Criterios y alcance'!$B$23+(F11-1)*7+2,'Criterios y alcance'!$B$24) -> 46297
A12: 9 | B12: Diseño | C12: Diseño lógico de base de datos | D12: Actividad | E12: 5 | F12: 6 | G12: =F12-E12+1 -> 2 | H12: Modelo entidad-relación normalizado | J12: No iniciado | K12: Alta | L12: =IF(D12="Hito",M12,'Criterios y alcance'!$B$23+(E12-1)*7) -> 46288 | M12: =MIN('Criterios y alcance'!$B$23+(F12-1)*7+2,'Criterios y alcance'!$B$24) -> 46297
A13: 10 | B13: Diseño | C13: Diseño físico y scripts de base de datos | D13: Actividad | E13: 6 | F13: 7 | G13: =F13-E13+1 -> 2 | H13: Tablas, relaciones y restricciones | J13: No iniciado | K13: Alta | L13: =IF(D13="Hito",M13,'Criterios y alcance'!$B$23+(E13-1)*7) -> 46295 | M13: =MIN('Criterios y alcance'!$B$23+(F13-1)*7+2,'Criterios y alcance'!$B$24) -> 46304
A14: 11 | B14: Diseño | C14: Diseño UX/UI de los flujos principales | D14: Actividad | E14: 6 | F14: 7 | G14: =F14-E14+1 -> 2 | H14: Prototipo navegable | J14: No iniciado | K14: Alta | L14: =IF(D14="Hito",M14,'Criterios y alcance'!$B$23+(E14-1)*7) -> 46295 | M14: =MIN('Criterios y alcance'!$B$23+(F14-1)*7+2,'Criterios y alcance'!$B$24) -> 46304
A15: 12 | B15: Diseño | C15: Arquitectura preliminar y documentación de diseño | D15: Actividad | E15: 7 | F15: 8 | G15: =F15-E15+1 -> 2 | H15: Diseño de capas, componentes y reportes | J15: No iniciado | K15: Alta | L15: =IF(D15="Hito",M15,'Criterios y alcance'!$B$23+(E15-1)*7) -> 46302 | M15: =MIN('Criterios y alcance'!$B$23+(F15-1)*7+2,'Criterios y alcance'!$B$24) -> 46311
... A37: 34 | B37: Hito académico | C37: PROY: entrega y sustentación final | D37: Hito | E37: 18 | F37: 18 | G37: =F37-E37+1 -> 1 | H37: Proyecto final evaluado | J37: No iniciado | K37: Alta | L37: =IF(D37="Hito",M37,'Criterios y alcance'!$B$23+(E37-1)*7) -> 46379 | M37: =MIN('Criterios y alcance'!$B$23+(F37-1)*7+2,'Criterios y alcance'!$B$24) -> 46379

Sheet Criterios y alcance
A1: CRITERIOS DE PLANIFICACIÓN - LEGADOSEGURO
D2: PORCENTAJES DE AVANCE DEL SÍLABO
A3: Hito | B3: Semana | D3: Semana | E3: Avance esperado
A4: APF1 | B4: 4 | D4: 10 | E4: 0.3
A5: APF2 | B5: 8 | D5: 11 | E5: 0.4
A6: APF3 | B6: 12 | D6: 13 | E6: 0.6
A7: Proyecto Final | B7: 18 | D7: 14 | E7: 0.7
D8: 15 | E8: 0.8
D9: 16 | E9: 0.9
D10: 17 | E10: 1
A12: PRIORIZACIÓN DEL ALCANCE
A13: MVP obligatorio | B13: M1 Autenticación; M2 Activos; M3 Herederos; M4 Reglas; M5 Liberación; M7 Notificaciones; M8 Auditoría
A14: Complementario | B14: M6 Orientación legal; M10 Administración y disputas
A15: Sandbox o simulación | B15: M9 Pagos, verificación facial, SMS, WhatsApp y consulta de DNI
A16: Pruebas continuas | B16: Las pruebas unitarias empiezan en la semana 9; la semana 13 concentra la evaluación formal al 60 %
A19: FUENTES
A20: Sílabo: Curso Integrador I: Sistemas - Software (100000I58N), período 2026-02.
A21: Informe: avance_informe_v1.docx - LegadoSeguro, versión 1.6.
A23: Inicio de clases | B23: 46260
A24: Cierre final propuesto | B24: 46379
A26: Clases: miércoles y viernes. Inicio confirmado por el equipo: 26/08/2026.
A27: Entrega final propuesta: 23/12/2026; la segunda sesión de semana 18 cae el 25/12. Confirmar la programación con el docente.
A30: Las fechas son planificadas. Un plazo vencido no acredita una tarea completada: el equipo debe confirmar los estados. Con este inicio, la semana 4 corresponde al 16 y 18/09/2026.
